market,model,alpha,kupiec_violations,kupiec_n,kupiec_rate,kupiec_expected_rate,kupiec_stat,kupiec_pvalue,chr_stat,chr_pvalue
SP50,Empirical,0.95,178,4027,0.044201638937174076,0.050000000000000044,2.9612637652326157,0.08528126145630976,35.886506096501805,2.0915222886941365e-09
SP50,Normal,0.95,3848,4027,0.9555500372485721,0.050000000000000044,21609.001667957582,0.0,8.717443589209495,0.0031517968111665073
SP50,EVT_POT,0.95,177,4027,0.043953315122920285,0.050000000000000044,3.225844325865296,0.07248440838970494,36.41472129389663,1.594939957882957e-09
SP50,Empirical,0.99,61,4027,0.015147752669481004,0.010000000000000009,9.310563032560822,0.002278364559473167,27.108867204148687,1.923137963322219e-07
SP50,Normal,0.99,3961,4027,0.98361062825925,0.010000000000000009,35809.90438174102,0.0,4.892577315068266,0.02697239258667916
SP50,EVT_POT,0.99,52,4027,0.01291283834119692,0.010000000000000009,3.160788765990887,0.07542673169730851,27.19665033285621,1.8377680077730218e-07
