market,model,alpha,kupiec_violations,kupiec_n,kupiec_rate,kupiec_expected_rate,kupiec_stat,kupiec_pvalue,chr_stat,chr_pvalue
IBEX,Empirical,0.95,198,4099,0.048304464503537446,0.050000000000000044,0.2507863704606166,0.6165219133680582,24.573218274251417,7.153912351398617e-07
IBEX,Normal,0.95,3951,4099,0.9638936325933154,0.050000000000000044,22413.767814532774,0.0,15.438096986158826,8.525219059918321e-05
IBEX,EVT_POT,0.95,198,4099,0.048304464503537446,0.050000000000000044,0.2507863704606166,0.6165219133680582,22.149852318998057,2.52175366832752e-06
IBEX,Empirical,0.99,45,4099,0.010978287387167602,0.010000000000000009,0.3840558367406999,0.5354405742702957,10.28857783957731,0.0013385621740009679
IBEX,Normal,0.99,4056,4099,0.9895096364967065,0.010000000000000009,36880.52990331238,0.0,,
IBEX,EVT_POT,0.99,43,4099,0.010490363503293486,0.010000000000000009,0.0979861321737161,0.7542598707536603,6.582457731496046,0.010298859567776097
