market,model,alpha,kupiec_violations,kupiec_n,kupiec_rate,kupiec_expected_rate,kupiec_stat,kupiec_pvalue,chr_stat,chr_pvalue
DJIA,Empirical,0.95,181,4027,0.044946610379935435,0.050000000000000044,2.237806012193687,0.13467194571639374,23.264008439742227,1.4121809157607856e-06
DJIA,Normal,0.95,3841,4027,0.9538117705487956,0.050000000000000044,21525.11158463086,0.0,3.193830667459281,0.07391661399269223
DJIA,EVT_POT,0.95,178,4027,0.044201638937174076,0.050000000000000044,2.9612637652326157,0.08528126145630976,24.491212940763177,7.464950672053661e-07
DJIA,Empirical,0.99,58,4027,0.014402781226719643,0.010000000000000009,6.939970297458544,0.008429051284914446,18.81863925376649,1.4375536154020985e-05
DJIA,Normal,0.99,3967,4027,0.9851005711447728,0.010000000000000009,35914.752847061674,0.0,9.589574159076761,0.001956853254860058
DJIA,EVT_POT,0.99,48,4027,0.011919543084181774,0.010000000000000009,1.4120443040652617,0.23471732340890517,24.038352748980518,9.443577405621184e-07
