baseline,treatment,n,mean_mdd_base,mean_mdd_evt,mean_diff,median_diff,paired_t_pvalue,paired_t_reject,wilcoxon_pvalue,wilcoxon_reject,bootstrap_ci_lower,bootstrap_ci_upper,alpha
V0,V1,195,0.12826865497711099,0.12290797224278475,-0.005360682734326253,-0.0036177186958029905,4.247714878187838e-08,True,2.5538445148989463e-07,True,-0.007664168682421827,-0.0030527345732823605,0.05
V1,V2,195,0.12290797224278475,0.11734273324212417,-0.005565239000660605,-0.004013131539025452,1.1101694975661587e-10,True,5.96160912029227e-11,True,-0.0075899018367321,-0.004025095238201787,0.05
V1,V3,195,0.12290797224278475,0.11725784565910205,-0.0056501265836827195,-0.004353321723776268,5.027160660086972e-13,True,1.241724201048028e-13,True,-0.007530343135846495,-0.004097873099754473,0.05
V1,V4,195,0.12290797224278475,0.1157720708919559,-0.007135901350828858,-0.004731197337036225,3.3086787972077655e-16,True,2.653748649016319e-16,True,-0.009164096998033947,-0.00556601989032551,0.05
V2,V4,195,0.11734273324212417,0.1157720708919559,-0.0015706623501682538,-0.0012486640442051639,0.0010510699902030497,True,0.0026516319667942052,True,-0.002509241320066683,-0.0007269177742268571,0.05
V3,V4,195,0.11725784565910205,0.1157720708919559,-0.0014857747671461388,-0.0010486192339607125,0.009162747047311095,True,0.039398040582354805,True,-0.0028527523839683416,-0.000274070654648656,0.05
