regime,n,mean_V0,mean_V3,mean_diff,median_diff,pct_V3_better,t_pvalue,wilcoxon_pvalue,ci_lower_95,ci_upper_95
benign,100,0.12835,0.10191,-0.02645,-0.02247,82.0,0.0,0.0,-0.10375,0.0265
moderate,45,0.20293,0.18251,-0.02042,-0.01457,77.77778,0.0,0.0,-0.06592,0.02845
crisis,35,0.24587,0.22071,-0.02516,-0.02748,77.14286,0.0001,0.00018,-0.08498,0.04072
